Name,Grams by run,Time by run,Grams total,Time total
2024-06-28_S258_Datalog,0.0010020540281689009,555,0.0010020540281689009,555
